GlobalLeftX,GlobalLeftY,GlobalRightX,GlobalRightY
13381,873,13698,857
13486,817,13766,788
13619,784,13869,739
13761,791,14005,749
13932,849,14131,782
14047,912,14239,821
13995,931,14190,835
13773,870,14031,835
13624,871,13913,847
13546,943,13844,894
13502,1010,13811,964
14059,859,14276,789
13979,768,14203,688
13797,665,14077,611
13850,524,14122,414
13677,484,13893,356
13762,517,14009,386
13729,435,13967,309
13790,594,14052,468
13955,620,14213,536
13925,686,14185,594
13996,987,14227,892
15973,206,16211,94
16003,283,16216,167
16134,248,16326,120
16099,174,16308,69
15933,396,16183,263
15859,426,16086,286
15674,489,15917,386
15643,709,15866,604
15534,716,15761,590
15562,473,15791,363
15382,714,15623,567
15375,877,15567,726
15707,871,15910,747
15576,857,15791,739
15564,421,15809,297
15539,590,15781,477
15373,795,15604,655
15906,132,16163,36
16488,241,16733,83
16958,763,17117,550
16777,527,16978,340
16607,354,16880,225
16413,227,16591,80
19207,422,19443,300
19010,361,19218,213
19024,333,19234,179
18767,270,18980,122
18783,232,19006,76
18891,316,19089,164
18903,276,19104,129
19110,398,19333,255
19123,370,19345,225
19721,609,20067,541
19971,712,20312,648
19847,898,20195,807
19915,894,20279,795
19735,810,20113,725
19637,739,20004,650
20011,964,20389,847
19503,494,19849,461
19753,295,20069,227
19740,235,20046,159
19906,199,20235,115
19926,251,20256,174
19822,216,20134,136
19833,283,20163,197
19845,662,20191,594
19581,707,19934,608
20118,770,20446,705
21565,899,21884,861
21624,880,21986,838
21818,398,22169,323
21626,407,22000,318
21829,574,22188,492
21626,571,22000,496
21771,207,22133,131
21603,235,21953,150
21748,131,22117,82
21614,132,21954,78
21519,571,21897,496
21568,740,21933,674
21795,309,22150,228
21788,861,22084,859
21734,903,21909,587
22641,657,23008,594
22631,728,22996,662
22575,735,22936,678
22541,760,22896,707
22571,664,22940,590
22931,943,23295,908
22998,859,23361,816
22950,800,23316,746
23073,681,23452,637
22973,732,23349,688
22594,966,22966,913
22547,940,22924,885
22534,864,22905,807
23123,347,23494,297
23127,442,23506,384
23092,480,23475,422
23148,543,23534,489
23150,650,23522,592
22959,903,23331,863
22938,1001,23286,976
9235,587,9226,492
9221,751,9224,646
9383,616,9455,494
9341,796,9425,684
9668,999,9794,868
9825,983,9993,856
9904,880,10086,723
9623,763,9750,641
9665,871,9778,746
9803,856,9921,714
9488,863,9595,770
9506,695,9602,578
742,10657,557,10468
800,10516,636,10332
823,10461,660,10281
922,10710,779,10510
587,10552,400,10353
934,10551,810,10385
940,10502,826,10339
679,10615,480,10416
873,10538,733,10360
885,10482,747,10311
863,10662,702,10474
676,10460,524,10280
697,10411,564,10245
520,10544,344,10343
470,10514,290,10318
814,10661,650,10470
966,10669,833,10479
1018,10680,933,10488
10379,11096,10458,11113
10666,11251,10675,11250
10710,11232,10727,11218
10771,11255,10793,11253
10891,11257,10912,11253
10862,11211,10881,11204
10954,11139,10968,11146
11047,10998,11071,11012
11124,10916,11153,10911
10994,10418,10958,10400
10879,10421,10816,10336
11215,10755,11241,10771
10325,11029,10365,11056
1342,10551,1165,10383
1373,10556,1202,10392
1738,10724,1572,10540
1808,10739,1637,10570
1750,10647,1581,10477
1815,10676,1651,10507
1801,10400,1635,10260
1838,10411,1681,10269
1775,10533,1607,10378
1826,10545,1663,10386
1558,10599,1408,10432
1729,10769,1560,10591
1810,10797,1635,10620
1390,10608,1249,10428
1464,10622,1336,10444
1324,10664,1160,10479
1375,10671,1217,10488
11276,10655,11291,10664
11305,10731,11328,10711
11414,10650,11445,10638
11592,10605,11608,10592
11678,10512,11718,10498
11793,10537,11821,10510
11845,10425,11903,10419
11796,10425,11852,10419
11976,10421,12018,10418
12018,10477,12059,10475
12183,10412,12223,10412
12142,10318,12200,10320
11931,10301,11961,10308
11700,10341,11699,10348
11817,10260,11835,10292
11854,10392,11891,10385
12111,10460,12155,10451
11922,10414,11955,10411
11735,10502,11776,10488
11370,10697,11391,10683
11501,10627,11520,10615
11826,10491,11854,10472
12177,10655,12211,10666
12083,10523,12135,10498
12246,10437,12267,10446
12225,10301,12279,10299
11620,10556,11660,10544
12307,10620,12307,10608
12377,10748,12412,10788
12469,10725,12516,10757
12483,10799,12518,10830
12420,10837,12457,10860
12480,10977,12525,10989
12481,11038,12497,11049
12632,11129,12681,11139
12639,11248,12684,11255
12312,10440,12315,10442
12408,10444,12419,10444
12485,10475,12530,10477
12520,10378,12571,10369
12417,10285,12474,10278
12366,10257,12413,10266
12308,10287,12336,10292
12574,10322,12653,10330
12845,10367,12901,10463
13215,10358,13284,10463
13161,10383,13210,10496
13201,10395,13277,10510
13133,10456,13200,10563
13083,10446,13126,10538
13032,10433,13084,10524
13104,10367,13149,10460
13062,10350,13107,10444
13121,10315,13170,10407
13077,10302,13126,10385
13142,10271,13184,10351
13093,10257,13142,10339
13058,10500,13098,10591
13013,10486,13051,10579
13042,10559,13076,10655
12997,10545,13032,10640
12803,10479,12871,10566
12738,10729,12777,10760
12721,10758,12765,10793
12808,10752,12869,10790
12794,10781,12848,10820
13032,10753,13095,10844
13063,10765,13135,10858
20203,11021,20404,11141
20247,10998,20445,11091
20151,11047,20334,11171
20179,10952,20366,11073
20118,10989,20294,11108
20240,10895,20411,11012
19836,10741,19990,10937
19574,10655,19733,10811
7863,10454,7856,10411
7790,10409,7753,10353
7928,10468,7917,10411
7905,10533,7886,10479
7772,10505,7760,10447
7739,10580,7721,10533
7650,10549,7624,10507
7662,10498,7638,10449
7720,10905,7688,10848
7632,11087,7613,11036
7494,11052,7458,11000
7531,10860,7501,10807
7842,10521,7826,10470
7828,10435,7812,10383
7915,10498,7901,10447
7714,10510,7690,10463
7695,10565,7676,10521
7632,10883,7601,10828
7508,10956,7482,10904
7683,10994,7653,10938
7569,11077,7538,11026
7597,10977,7573,10921
7704,10949,7673,10900
7517,10912,7489,10860
7496,11005,7466,10949
7666,11043,7636,10987
7583,11021,7557,10966
7620,10930,7592,10879
8567,10339,8555,10337
8773,10376,8758,10376
8564,10416,8576,10397
8779,10414,8761,10411
8562,10495,8557,10477
8782,10502,8761,10479
8987,10437,8960,10446
8805,10411,8787,10409
8817,10302,8794,10318
9004,10332,8978,10348
9153,10346,9140,10358
9144,10430,9116,10440
8997,10409,8973,10416
8567,10620,8553,10627
8314,10612,8288,10626
8316,10502,8289,10495
8371,10493,8351,10493
8373,10615,8351,10629
8314,10655,8295,10662
8321,10774,8303,10779
8586,10774,8562,10781
8585,10661,8572,10669
8761,10776,8765,10750
8890,10758,8901,10734
8775,10862,8761,10839
8918,10825,8904,10813
8931,10872,8901,10874
8929,10931,8904,10944
9137,10933,9116,10942
9140,10863,9123,10888
9130,10807,9118,10825
8870,11014,8845,11022
8873,11082,8843,11073
8642,11082,8621,11070
8649,11012,8618,11008
8595,10982,8574,10987
8600,10931,8567,10930
8606,10872,8576,10855
10584,1356,10704,1155
10683,1403,10804,1190
10432,1397,10524,1205
10299,1523,10421,1319
10266,1736,10412,1574
10442,1916,10566,1689
10295,1436,10421,1247
10281,1270,10390,1118
10348,1296,10472,1144
11008,1254,11229,1141
13731,1231,13935,1106
13713,1279,13928,1139
13638,1371,13867,1209
13612,1520,13836,1397
13540,1488,13773,1364
13586,1429,13817,1321
13803,1186,14016,1053
13865,1319,14100,1209
13771,1396,13991,1268
13748,1413,13967,1286
13790,1460,14000,1328
13790,1338,14026,1221
13546,1607,13766,1494
13708,1875,13939,1749
14009,1522,14239,1385
13799,1282,14014,1156
13768,1929,13991,1826
13986,1238,14217,1148
14638,1894,14858,1803
14641,1967,14877,1871
14552,1880,14755,1784
14552,1939,14762,1824
14673,1810,14861,1700
14515,1579,14762,1508
14498,1467,14716,1342
14575,1425,14800,1326
14454,1483,14666,1364
14418,1646,14657,1567
14524,1787,14725,1695
14778,1756,14994,1656
14493,1307,14718,1203
14425,1237,14657,1116
15029,1656,15281,1576
14958,1784,15169,1686
14816,1859,15059,1757
14891,1974,15122,1866
15136,1831,15346,1754
14439,1854,14661,1785
14442,1888,14659,1827
14965,1644,15197,1563
14821,1607,15078,1527
14994,1494,15220,1417
14699,2018,14959,1964
14739,1960,15000,1904
14369,1588,14606,1499
14591,1686,14821,1600
14669,1654,14909,1548
16403,1364,16665,1319
16476,1542,16717,1466
16534,1619,16799,1532
16637,1508,16847,1450
16441,1452,16700,1392
16452,1322,16721,1266
16525,1298,16789,1231
16415,1231,16679,1207
16504,1202,16766,1172
16639,1163,16965,1123
16488,1602,16757,1511
16492,1757,16723,1646
16543,1813,16778,1724
16485,1845,16726,1754
16438,1789,16649,1684
16827,1513,17068,1452
16792,1621,17032,1537
16829,1635,17077,1551
16869,1527,17114,1462
16743,1766,16992,1667
16777,1777,17030,1682
16703,1868,16946,1796
16738,1878,16992,1808
16716,1951,16951,1894
16674,1941,16906,1885
16957,1162,17186,1127
16986,1174,17236,1137
16909,1293,17145,1237
16946,1303,17207,1251
16871,1403,17112,1350
16908,1411,17168,1357
16481,1146,16747,1099
16396,1174,16653,1125
16656,1097,16953,1048
20703,1789,21039,1766
21079,1890,21388,1897
20656,1932,20997,1881
20684,1829,21018,1824
21028,2042,21358,2009
21060,1941,21374,1946
20623,2025,20964,1993
20920,1093,21273,1062
20888,1836,21208,1838
20846,1986,21170,1953
20873,1888,21189,1887
20598,1459,20876,1467
20640,1293,20883,1251
20607,1375,20880,1361
20750,1263,20972,1142
22012,1822,22168,1817
22175,1857,22356,1812
22372,1908,22521,1843
21940,2027,22129,1979
21982,1929,22154,1895
22136,1976,22321,1929
22328,2032,22472,1986
22629,1549,22816,1515
22671,1466,22858,1397
22847,1417,23202,1390
22879,1364,23232,1333
22956,1420,23314,1404
22652,1307,23012,1261
22673,1254,23040,1210
22786,1282,23167,1256
23059,1406,23412,1390
23015,1298,23377,1272
22970,1251,23323,1224
22868,1190,23225,1139
22912,1106,23289,1069
22786,1647,23144,1609
22716,1798,23067,1784
22543,1300,22905,1244
22681,1876,23036,1861
22699,1406,23052,1369
22788,1399,23155,1356
22629,2011,22994,1999
22828,1238,23202,1200
22933,1555,23314,1525
28726,1504,29009,1567
28738,1441,29019,1504
28796,1450,29086,1523
28790,1508,29075,1583
28747,1527,29019,1604
28740,1581,29014,1647
28804,1532,29077,1611
28792,1595,29070,1667
28731,1607,29002,1686
28796,1619,29066,1696
28722,1675,28997,1742
28785,1675,29065,1754
28862,1626,29161,1707
28853,1691,29149,1770
28927,1635,29241,1719
28911,1702,29227,1791
29012,1647,29294,1729
29072,1658,29348,1735
29002,1712,29283,1787
29065,1719,29343,1792
29166,1681,29446,1749
29211,1684,29502,1757
29159,1726,29435,1806
29206,1735,29493,1813
28869,1544,29180,1619
28928,1556,29236,1626
28867,1595,29173,1672
28925,1602,29238,1686
29023,1541,29306,1616
29035,1483,29322,1562
29100,1492,29381,1567
29087,1548,29372,1633
29189,1511,29477,1586
29236,1513,29533,1597
29184,1556,29463,1639
29239,1567,29521,1654
29080,1146,29370,1200
29091,1086,29384,1141
29156,1097,29447,1153
29143,1158,29430,1212
28691,1745,28979,1826
28747,1747,29040,1836
28680,1803,28962,1887
28747,1812,29038,1908
7042,1247,7108,1179
6884,1343,6982,1259
6746,1515,6862,1378
6717,1649,6825,1515
6664,1644,6767,1497
7038,1523,7136,1422
6619,1826,6720,1696
6657,1833,6760,1708
6404,1979,6554,1869
6406,1881,6514,1743
6365,1911,6474,1782
6844,1570,6939,1462
7192,1854,7309,1665
7204,1702,7314,1509
7323,1609,7437,1408
7374,1612,7507,1422
7356,1857,7493,1668
7531,1873,7673,1681
7547,1501,7669,1303
7555,1373,7673,1179
7873,1392,8017,1196
7856,1883,7991,1693
7540,1684,7678,1495
7449,1686,7573,1488
7440,1799,7573,1611
7534,1803,7673,1614
7713,1383,7852,1188
7693,1878,7830,1691
7615,1696,7735,1509
7437,1497,7585,1298
7873,1501,8020,1315
7454,1167,7419,1184
7513,1100,7507,1111
7402,1245,7382,1251
7195,1796,7309,1588
7285,1796,7398,1595
7643,1378,7770,1186
7804,1387,7950,1191
7863,1689,8003,1497
7409,1560,7545,1363
7866,1597,8013,1397
7264,1651,7377,1462
8620,1761,8737,1583
8578,1920,8686,1806
8649,1770,8793,1604
8600,1441,8702,1252
8527,1728,8625,1527
8518,1632,8572,1401
8434,1612,8503,1382
8352,1803,8434,1600
8448,1420,8539,1219
8544,1529,8606,1310
8448,1509,8536,1296
8600,1840,8714,1686
8637,1848,8775,1696
8824,1806,8985,1623
9514,1796,9652,1660
9548,1651,9693,1495
9485,1946,9635,1763
9423,1946,9523,1787
9453,1957,9582,1794
9361,1605,9453,1445
9329,1761,9418,1604
9535,1724,9677,1590
9413,2009,9500,1901
9441,2016,9565,1908
9586,1584,9710,1390
9728,1607,9876,1417
9811,1579,9969,1392
9895,1441,10087,1291
9652,1985,9780,1824
9665,1955,9792,1792
9783,2021,9932,1880
9801,1993,9946,1850
9299,1901,9401,1710
9291,1925,9385,1750
10650,11341,10661,11318
10641,11381,10645,11353
10587,11356,10587,11339
10524,11386,10529,11371
10473,11369,10473,11350
10391,11408,10402,11394
10300,11389,10286,11370
10804,11295,10823,11305
10857,11369,10882,11402
10896,11472,10918,11482
10855,11483,10866,11478
10826,11542,10825,11534
10816,11601,10809,11607
10825,11667,10818,11670
10856,11729,10850,11731
10808,11796,10797,11791
10766,11877,10744,11879
10315,12088,10340,12100
10429,12126,10464,12138
10544,12161,10585,12174
10657,12195,10712,12215
14952,11555,15036,11762
14901,11546,14971,11744
14844,11787,14910,11990
14914,11807,14991,12014
14879,11630,14953,11834
14866,11696,14934,11908
14949,11707,15019,11923
15198,11786,15276,11980
15153,11949,15232,12152
15233,11969,15322,12173
15246,11723,15334,11919
15170,11858,15260,12060
14656,11759,14715,11948
14409,11696,14471,11859
14680,11486,14751,11688
14533,11448,14602,11649
14666,11521,14738,11734
14653,11579,14722,11793
14641,11640,14705,11855
14531,11486,14598,11694
14514,11536,14564,11765
14497,11607,14560,11815
19592,11306,19770,11433
19956,11391,20135,11516
19920,11306,20085,11431
19531,11431,19690,11568
19675,11541,19836,11681
19777,11386,19969,11509
19814,11606,19965,11749
19560,11712,19711,11864
19661,11819,19820,11962
19742,11887,19910,12014
19821,12035,19978,12143
20064,11725,20203,11873
20106,12146,20265,12258
19970,12104,20132,12217
19655,12055,19829,12153
19535,12004,19727,12084
19954,11606,20110,11749
20047,11472,20220,11595
20263,11472,20431,11593
20247,11728,20410,11873
20177,11932,20349,12025
19941,11884,20088,12018
20488,11527,20677,11631
20730,11537,20909,11642
20727,11567,20903,11687
20511,11552,20705,11658
20629,12000,20805,12113
20625,12035,20799,12148
20521,11988,20682,12093
20506,12013,20673,12131
20688,11905,20868,12005
20762,11953,20912,12053
20750,11985,20911,12094
20675,11952,20842,12059
21151,12070,21328,12184
21205,12079,21375,12187
21158,12120,21326,12238
21200,12126,21373,12239
20669,11817,20851,11917
21178,11399,21355,11519
21233,11710,21413,11833
20611,11523,20793,11627
20570,11561,20776,11673
20645,11296,20830,11388
20758,11316,20937,11430
20901,11443,21078,11553
21233,11324,21424,11451
20579,11730,20745,11838
20582,11395,20775,11479
20735,11395,20923,11496
20746,11661,20913,11785
20890,11659,21049,11790
22006,11354,22205,11483
21771,11505,21957,11629
21801,11543,21997,11667
22027,11396,22219,11535
21898,11428,22089,11550
21919,11463,22106,11595
21914,11640,22084,11757
21833,11572,22025,11708
21810,11591,21989,11721
21807,11652,21996,11785
21905,11711,22097,11842
22047,11780,22229,11913
22266,11864,22471,12004
22120,11843,22318,11984
22152,11532,22328,11657
21594,11505,21776,11629
21587,11677,21773,11822
21676,11889,21860,12037
21990,11295,22180,11412
22071,11757,22272,11892
22285,11608,22454,11741
22575,11985,22754,12120
22586,12011,22773,12150
22575,12064,22761,12193
22632,12100,22815,12233
22957,11987,23137,12119
22971,12067,23160,12193
22698,11772,23302,11907
23236,11898,23420,12061
23337,11828,23527,11975
22795,11535,22992,11697
22847,11843,23024,11970
23101,11982,23305,12119
22696,11647,22872,11753
22851,11719,23024,11823
22990,11839,23188,11970
22937,11655,23090,11763
23201,11651,23327,11759
23290,11740,23452,11859
23230,12030,23415,12178
23021,12026,23217,12173
27212,11823,27436,12083
27334,11786,27571,12043
26810,11689,26989,11919
26906,11496,27511,11828
27254,11551,27056,11958
26868,11718,27350,12102
27146,11791,27384,12052
27159,11758,27406,12016
26888,11628,27074,11880
26843,11607,27020,11845
27085,12000,27329,12255
27226,11919,27458,12173
27063,11515,27279,11803
26701,11401,26909,11677
26696,11545,26901,11805
26665,11619,27261,11898
26718,11835,26950,12110
26686,11913,26927,12204
26963,11924,27151,12140
5861,11489,5794,11425
5761,11692,5695,11621
5827,11602,5763,11550
5921,11567,5872,11504
5977,11441,5932,11384
6096,11497,6049,11444
6080,11525,6037,11473
5993,11622,5941,11560
6055,11603,6008,11541
6069,11681,6016,11629
5760,11862,5699,11807
5548,12188,5497,12069
5304,12068,5247,11955
5427,11744,5367,11679
5401,11868,5342,11796
6119,11995,6050,11928
6126,12037,6057,11987
6111,12157,6048,12079
5590,12242,5540,12131
5215,12183,5145,12052
5425,11581,5369,11505
5630,11651,5537,11567
6013,11377,5966,11320
6131,11428,6083,11386
5640,11488,5579,11412
5433,11337,5386,11295
5867,11394,5883,11332
6679,11717,6628,11686
6709,11661,6649,11635
6756,11568,6703,11544
6904,11630,6862,11577
6897,11683,6860,11636
6849,11674,6802,11619
6791,11984,6743,11950
7069,11843,7029,11792
7110,11908,7064,11842
6855,12039,6573,12106
6558,12131,6499,12078
6409,11669,6349,11619
6437,11595,6363,11550
6992,11915,6949,11864
7011,11962,6972,11902
6821,11798,6774,11737
6791,11452,6743,11412
6847,12225,6792,12174
6331,12052,6279,12000
7439,11843,7383,11819
7433,11947,7378,11939
7428,12057,7382,12026
7963,11957,7919,11960
7960,12061,7913,12039
7960,11855,7918,11840
7692,11843,7653,11828
7685,11948,7645,11941
7691,12058,7657,12044
8065,11873,8024,11864
8090,11691,8057,11670
8111,11563,8090,11535
7387,11588,7326,11554
7333,11848,7267,11817
7314,11931,7247,11900
7353,12033,7258,12036
7695,12194,7382,12138
7956,12200,7918,12164
7386,11527,7336,11460
8072,11421,8030,11390
8781,12112,8785,12084
8709,12124,8703,12098
8849,11746,8783,11717
8610,11744,8568,11690
8656,12066,8627,12043
8520,12126,8474,12086
8701,12243,8682,12203
9008,12225,8980,12185
9020,12106,8998,12086
8912,11750,8871,11724
8819,11713,8776,11692
8837,11831,8785,11801
8778,11940,8724,11910
8405,11962,8353,11938
8401,12042,8353,11995
8576,11637,8533,11608
8826,11616,8785,11609
9019,11755,8973,11737
8596,11924,8535,11904
8702,11816,8644,11786
10792,12564,10784,12573
10514,12470,10501,12486
10431,12737,10428,12695
10757,12670,10743,12665
10401,12925,10386,12883
10699,12968,10684,12925
10400,12967,10389,12918
10698,13008,10689,12961
11087,13078,11156,13068
10828,12413,10852,12427
10851,12340,10893,12349
11102,12510,11109,12517
11104,12671,11116,12689
10931,13055,10940,13016
10510,12596,10500,12596
10515,12312,10501,12316
11759,13268,11802,13238
11525,13177,11514,13131
11485,13255,11477,13217
11454,13186,11411,13139
11976,12993,11937,12986
11557,12831,11497,12830
11569,12796,11523,12792
11627,12698,11609,12695
11411,13248,11373,13195
11683,13223,11693,13186
11410,13129,11394,13087
11882,12785,11855,12791
11362,12601,11317,12589
11387,12539,11332,12513
11665,12633,11656,12629
12089,12863,12074,12866
11882,12909,11852,12914
12139,13004,12126,13013
12047,12777,12021,12779
11483,12643,11446,12636
19066,13160,19203,13244
18964,13148,19077,13229
19006,13134,19148,13203
18945,13175,19058,13265
18499,12994,18615,13113
18515,12967,18648,13074
19045,12615,19177,12696
19125,12638,19263,12754
19133,12527,19268,12655
19193,12455,19341,12574
19144,12447,19276,12567
19106,12854,19242,12990
19011,12864,19118,13010
18658,12627,18800,12713
18539,12486,18703,12544
18517,12627,18663,12721
19014,12404,19188,12547
18761,13073,18890,13163
18754,13097,18881,13202
18589,12782,18721,12894
19550,12546,19706,12657
19560,12719,19725,12826
19729,12695,19881,12800
19539,12688,19678,12791
19801,12697,19950,12810
20022,12732,20178,12823
19994,12556,20126,12667
19724,12552,19876,12649
19542,12881,19710,12983
19554,12417,19712,12515
19743,12411,19913,12465
20009,12433,20173,12515
20114,12572,20253,12690
19741,12889,19894,13040
20027,12860,20178,12932
20018,13014,20171,13084
20018,13157,20175,13223
19531,13124,19699,13235
19834,12556,19981,12659
19940,12718,20096,12803
21048,12485,21212,12592
21051,12521,21220,12633
20697,12449,20858,12549
20697,12479,20844,12580
20880,12486,21019,12589
20880,12514,21017,12629
21046,12603,21220,12710
20948,12800,21117,12929
20517,12776,20678,12868
20924,13001,21094,13116
20965,13103,21113,13215
21086,12481,21252,12584
20700,12592,20830,12678
21313,12624,21480,12741
22688,12478,22872,12604
22606,12513,22784,12640
22679,12590,22861,12716
22778,12815,22940,12947
22907,12948,23087,13076
22919,12589,23092,12720
23013,12589,23196,12721
23204,12476,23387,12600
23262,12587,23423,12715
23147,12811,23322,12947
23294,12946,23454,13073
23348,12809,23521,12946
22886,12476,23065,12604
22886,12347,23062,12453
23235,12345,23418,12452
23234,12702,23383,12799
23116,13040,23306,13175
23024,12699,23210,12842
23347,12521,23520,12643
23304,12383,23500,12486
23710,12937,23891,13107
23658,12983,23828,13155
23746,13083,23923,13244
23827,12929,24006,13097
23996,12802,24151,12952
24157,12953,24336,13084
23877,12573,24061,12705
23953,12659,24122,12800
23751,12414,23949,12564
23614,12703,23771,12824
23615,12825,23764,12952
23938,12923,24127,13101
28323,12700,28558,12971
28141,12627,28392,12900
28073,12611,28308,12871
28045,12507,28279,12763
28022,12430,28253,12711
28061,12371,28309,12641
28102,12396,28347,12666
28153,12312,28416,12570
28072,12476,28311,12746
27998,12472,28231,12737
27947,12536,28186,12804
27951,12686,28191,12954
27951,12774,28188,13045
27860,12963,28081,13231
27981,12643,28648,12920
28258,12482,28506,12782
28133,12507,28348,12816
27784,12464,28024,12713
29182,12689,29429,12986
29047,12707,29293,12964
28946,12851,29178,13113
28869,12856,29119,13137
28734,12808,28916,13076
28701,12674,28954,12933
28787,12534,29048,12811
28954,12315,29250,12585
29063,12858,29321,13138
29204,12801,29462,13092
29000,12972,29252,13255
28816,12915,29055,13181
28726,12848,28947,13114
28765,12973,29010,13244
28685,12920,28890,13186
28747,13009,28991,13274
28684,12970,28928,13246
28706,12946,28950,13221
28953,12643,29189,12918
29157,12542,29399,12822
29214,12469,29457,12750
29344,12648,29584,12935
29381,12591,29644,12869
7148,12518,7085,12461
7115,12741,7061,12650
7131,12622,7072,12548
7106,12778,7044,12688
7087,12873,7042,12755
7084,12933,7031,12820
6978,12935,6901,12831
7058,12856,6985,12731
6950,12784,6860,12689
6852,12740,6747,12628
6708,12845,6642,12730
6435,12688,6364,12575
6619,12762,6554,12647
6656,12617,6609,12536
6507,12580,6433,12486
6326,12509,6252,12411
6401,12510,6326,12410
6787,12639,6739,12549
6264,12675,6178,12571
6839,12699,6761,12595
7576,12367,7527,12328
7587,12783,7507,12705
7547,12594,7486,12512
7958,12725,7869,12653
7883,12876,7815,12797
7883,12920,7826,12828
7588,12949,7508,12862
7695,12951,7613,12863
7373,12845,7317,12763
7377,12807,7314,12714
7941,12371,7852,12342
8041,12926,8011,12818
7494,12982,7397,12888
7349,12941,7255,12848
7748,12365,7690,12335
7769,12755,7685,12680
7585,12831,7505,12750
7788,12923,7721,12828
7957,12779,7869,12706
7562,12472,7503,12411
7570,12679,7504,12600
8650,12609,8601,12546
8682,12599,8628,12542
8792,12592,8742,12539
8783,12646,8731,12589
8632,12461,8577,12396
8661,12455,8607,12389
8682,12661,8580,12603
8530,12638,8473,12569
8527,12693,8471,12629
8914,12623,8878,12575
8912,12676,8879,12614
8641,12863,8573,12782
8782,12847,8733,12774
9048,12862,8970,12779
8357,12894,8290,12808
8275,12735,8210,12653
8384,12661,8335,12597
8641,12528,8586,12470
8671,12522,8618,12460
9614,12805,9592,12756
9661,12870,9622,12824
9696,12878,9665,12834
9758,12449,9722,12423
9787,12353,9760,12348
9786,12452,9758,12433
9661,12763,9626,12700
9733,12557,9693,12528
9905,12933,9864,12877
9742,13031,9694,12962
9573,12972,9522,12908
9358,12906,9328,12849
9352,12786,9322,12730
9450,12767,9404,12708
9924,12894,9901,12839
10095,12968,10061,12912
9999,13032,9994,12973
10096,12915,10057,12865
9756,12561,9724,12531
9713,12773,9675,12709
12911,13693,12914,13666
12956,13650,12960,13624
12992,13658,12993,13633
13078,13382,13092,13407
13053,13377,13060,13391
12946,13585,12943,13550
12957,13532,12971,13503
12779,13646,12768,13597
12749,13714,12737,13675
12886,13771,12903,13727
12633,13667,12625,13624
12443,13604,12481,13567
12472,13526,12508,13495
12657,13581,12648,13546
13050,13740,13062,13712
13095,13845,13129,13808
13208,13797,13234,13773
13129,13712,13138,13688
12838,13489,12811,13466
12809,13542,12794,13508
12807,13743,12805,13699
13157,13365,13184,13387
13847,14099,13860,14053
13866,14180,13894,14141
13929,14220,13948,14176
13936,14262,13962,14231
13986,14085,14016,14053
14011,14043,14035,14012
14110,13742,14123,13774
14037,14089,14059,14078
14016,14221,14033,14173
13610,14005,13635,13966
13632,13950,13665,13915
13750,13942,13788,13926
13822,13641,13834,13667
14276,14293,14279,14283
13389,13930,13410,13886
13510,13521,13526,13540
13599,13399,13646,13432
13995,13479,14028,13515
14100,13471,14119,13509
14096,13500,14118,13541
14200,13588,14265,13630
13957,13502,13979,13525
14669,13395,14794,13453
14901,13367,15015,13384
14710,13775,14905,13860
14913,14019,14955,14059
14668,13942,14710,13988
14532,13902,14559,13931
15199,14137,15246,14179
15027,13893,15196,13964
14392,14184,14418,14147
14560,14245,14606,14220
14825,14320,14863,14310
14550,14281,14593,14259
14370,14221,14395,14206
14445,13694,14505,13740
14949,13420,15064,13437
14643,13452,14779,13515
14547,13422,14668,13495
16185,13971,16243,14039
16192,13902,16255,13965
16217,13730,16273,13778
16256,13630,16342,13661
16305,14009,16337,14076
16269,14046,16300,14109
16175,14299,16179,14323
15849,14179,15858,14202
15914,13720,15949,13776
15786,13513,15809,13558
15901,13551,15963,13603
16053,13795,16112,13847
15509,14067,15510,14084
15511,14236,15518,14256
15700,14307,15702,14317
16331,13331,16368,13413
16285,13892,16352,13926
16774,14044,16822,14106
16815,13960,16866,14006
16907,13745,16995,13807
17246,13620,17320,13701
16802,13474,16852,13557
16989,13583,17005,13663
17104,13797,17195,13889
16722,14175,16782,14260
16540,14168,16591,14237
16599,13748,16642,13803
16692,13803,16755,13874
16464,13635,16478,13704
16521,13588,16535,13639
16524,13405,16535,13487
17156,13520,17221,13615
17246,13673,17201,13821
16891,13871,16958,13940
16713,13959,16765,14002
16643,13970,16693,14032
16405,13881,16466,13951
18184,13959,18281,14060
18034,13621,18139,13714
18221,13662,18332,13781
17695,13802,17775,13901
17487,13918,17601,14021
17611,14042,17719,14167
17484,14006,17598,14132
17567,14147,17662,14275
17937,13879,18007,13981
17920,13595,18012,13697
17911,13638,18003,13740
17485,13536,17573,13629
17498,13495,17599,13589
17714,13555,17810,13643
18213,13550,18332,13650
18092,13628,18190,13717
18234,13415,18343,13519
17509,13740,17560,13836
18316,14003,18402,14126
18212,13834,18310,13938
19104,13623,19215,13726
19137,13622,19252,13725
19123,13662,19241,13767
19092,13658,19206,13761
19017,13985,19121,14085
18815,13576,18927,13677
18784,13614,18896,13704
18625,13912,18728,14016
18598,13945,18704,14047
19006,14023,19111,14123
19057,14001,19171,14085
19050,14029,19159,14116
19000,14160,19096,14231
19029,14199,19137,14268
19027,14165,19141,14232
19200,14005,19298,14086
18998,14192,19102,14261
18508,14131,18610,14221
18452,14093,18568,14166
18500,13886,18595,13984
18530,13861,18627,13955
18818,13384,18923,13477
18843,13348,18951,13446
18851,13400,18968,13504
18871,13374,18982,13474
18896,13425,19017,13535
19158,13420,19275,13527
18805,13965,18904,14057
18931,13650,19042,13750
19798,13785,19926,13862
19791,13819,19922,13912
19588,13794,19698,13866
19587,13842,19707,13905
20000,13359,20124,13447
20005,13333,20127,13410
20032,13335,20162,13407
20029,13366,20161,13461
20012,13790,20147,13866
20017,13822,20151,13910
20028,14046,20156,14121
20032,14080,20166,14152
19806,14034,19935,14095
19809,14073,19927,14132
20069,14082,20197,14160
20057,14055,20182,14128
19584,14119,19718,14179
19544,13649,19667,13742
19761,13426,19892,13544
20290,14089,20391,14158
20928,14179,21070,14252
20918,14229,21058,14302
20970,14188,21105,14261
20956,14227,21104,14293
20688,14137,20832,14229
20664,14139,20792,14229
20671,14177,20805,14260
20701,14176,20837,14262
20496,14130,20636,14172
20496,14158,20626,14228
20650,13975,20794,14052
21211,13332,21331,13417
21012,13937,21149,14011
20971,13936,21110,14011
21198,14174,21346,14254
21192,14223,21336,14296
20604,13772,20736,13847
20571,13778,20717,13863
20962,13663,21117,13750
20993,13660,21156,13750
23725,14018,23898,14142
23713,13933,23886,14043
23736,13812,23907,13918
23682,13590,23857,13708
23672,13658,23851,13776
23702,13685,23883,13809
23661,13736,23825,13865
23992,13903,24173,14042
23988,13982,24167,14121
24178,13736,24359,13902
24087,13818,24270,13975
24202,13860,24397,14008
24133,13936,24305,14060
23849,13994,24048,14126
23904,13911,24075,14032
23908,13992,24096,14127
23851,13463,23993,13570
24402,13571,24467,13685
23919,13644,24065,13753
23598,13462,23753,13562
24139,13628,24309,13752
26804,13620,27036,13818
27152,13327,27367,13573
27077,13480,27282,13709
27004,13443,27216,13666
27352,13617,27574,13844
27427,13452,27639,13709
26715,13813,26919,14028
26890,13787,27131,14024
26949,13723,27191,13970
27069,13649,27297,13870
27170,13532,27388,13766
26892,14004,27095,14226
26994,13649,27203,13871
27375,13572,27585,13816
27397,13514,27612,13771
27118,13385,27330,13638
27094,13447,27302,13677
26808,13653,27022,13868
29298,13426,29544,13700
29267,13409,29508,13682
29252,13384,29489,13654
29112,13390,29367,13659
29112,13414,29368,13688
29102,13434,29340,13700
29215,13505,29463,13776
29209,13550,29445,13810
29001,13400,29245,13674
29217,13712,29449,13971
29214,13959,29448,14218
29156,14001,29377,14240
28819,13959,29037,14211
29345,13426,29588,13704
28996,13505,29228,13764
28995,13783,29226,14035
28951,13833,29167,14073
29007,14105,29192,14321
29075,13628,29321,13898
29434,13444,29684,13736
28986,13351,29223,13611
16634,14461,16692,14509
16937,14571,16993,14629
16662,14364,16717,14419
16576,14445,16616,14482
16586,14363,16634,14419
16538,14427,16566,14446
16482,14412,16513,14446
16840,14544,16906,14600
17131,14649,17177,14704
16935,14736,16992,14780
16936,15135,16992,15114
16896,15205,16954,15181
16737,15133,16789,15129
16778,15050,16824,15024
16807,14694,16862,14732
17145,14815,17203,14849
16939,14419,16968,14492
16901,14401,16921,14473
16972,14362,17021,14442
16905,14440,16930,14507
16813,14370,16838,14428
16545,14597,16584,14625
16472,14925,16522,14917
18058,14968,18176,15002
17994,14959,18095,15009
17482,14492,17569,14570
17430,14355,17505,14435
18086,14490,18208,14570
18055,15171,18176,15231
17990,15141,18093,15198
18086,14844,18191,14901
17678,14761,17713,14795
17536,14781,17564,14812
17538,14953,17561,14981
17457,14607,17539,14688
18083,14649,18208,14727
18625,14445,18745,14527
18605,14416,18720,14476
19125,14529,19213,14614
19137,14558,19220,14648
19173,14543,19252,14633
19149,14516,19240,14601
18865,14701,18956,14782
18896,14721,18996,14799
18957,14872,19048,14937
18883,14915,18985,14979
18898,14936,19011,15004
18988,14869,19092,14937
19215,15069,19337,15106
19252,15083,19388,15117
18997,15124,19087,15179
19016,15312,19080,15318
18573,15201,18667,15256
18568,15258,18655,15312
18603,15062,18721,15122
18915,15143,19009,15201
18785,15032,18869,15092
18630,14701,18729,14760
19040,15053,19134,15118
19568,14402,19694,14477
19878,14958,19988,15009
19643,15015,19743,15077
19947,15034,20071,15119
19961,14832,20031,14872
19997,14811,20077,14867
20083,14744,20228,14781
20124,14711,20274,14744
20222,14785,20357,14814
20175,14841,20315,14880
19800,14395,19927,14445
20065,14454,20194,14510
19888,14898,19977,14949
20086,14935,20197,14984
20281,14680,20427,14707
19797,14632,19909,14688
19964,14560,20109,14599
19578,15149,19675,15202
21038,15213,21127,15268
20838,15140,20912,15160
20956,15053,21061,15098
21044,14980,21169,15005
21287,14830,21419,14881
21258,15223,21370,15272
20643,15216,20740,15265
20562,15136,20631,15158
20605,14576,20748,14597
20897,14575,21023,14594
20810,14686,20934,14709
21209,14974,21338,15007
20673,14902,20792,14909
21326,14621,21466,14669
21532,14690,21666,14763
21518,14765,21642,14841
21767,14691,21927,14764
21982,14763,22120,14839
22053,14889,22197,15007
21856,15200,21986,15208
21650,15150,21764,15160
21743,14843,21848,14879
21896,14980,22002,14993
22036,15090,22147,15113
22070,15181,22204,15195
21883,15282,21984,15281
21687,15217,21812,15230
23116,14703,23269,14795
22993,14744,23126,14822
23036,14708,23168,14788
23025,14824,23172,14898
22984,14942,23125,15012
23175,15035,23319,15106
23268,14745,23364,14841
23316,14755,23438,14845
23240,15036,23385,15109
22954,15249,23087,15307
22972,15093,23107,15160
23210,14552,23366,14660
23208,14515,23366,14602
23285,14487,23443,14571
23295,14455,23449,14547
23326,14446,23493,14529
23343,14619,23502,14733
23373,15041,23512,15145
23100,15033,23246,15114
23087,14693,23230,14780
25009,14659,25171,14848
25025,14692,25179,14876
24951,15059,25161,15156
24856,15231,25019,15337
24751,15190,24884,15270
24586,14996,24743,15147
24623,15030,24784,15190
24868,14406,25033,14597
24652,14527,24838,14699
24824,14816,24999,14977
25227,15158,25453,15268
24856,14742,25013,14880
24929,14701,25090,14841
25155,14590,25319,14775
26223,14444,26418,14582
26227,14381,26420,14541
26174,14534,26361,14665
26280,14795,26455,14921
25924,14430,26132,14555
26085,14682,26276,14808
26206,14879,26382,15005
26064,14944,26250,15083
26021,14441,26196,14609
25827,14936,26007,15073
26014,14760,26185,14975
25616,14364,25897,14489
26130,14433,26318,14594
26132,14408,26319,14561
26013,14417,26193,14571
25973,14560,26147,14731
26015,14623,26206,14785
26220,14671,26390,14789
26363,15135,26539,15279
27376,14655,27567,14802
27257,14539,27449,14690
27144,14570,27328,14719
27176,14746,27356,14909
27224,14796,27402,14949
27040,14947,27220,15118
27059,15214,27241,15340
27042,15124,27227,15262
26857,14429,27032,14595
27354,14675,27543,14832
26714,15178,26915,15302
26757,14790,26953,14940
26867,14710,27041,14878
27015,14469,27202,14632
27286,14578,27479,14759
27869,15168,28059,15309
28075,15028,28248,15208
27804,14697,28040,14846
27986,14588,28204,14759
27961,14770,28203,14960
28078,14709,28316,14887
27742,15016,27927,15167
27995,15098,28190,15253
28039,14656,28263,14856
27710,14759,27910,14921
28271,14444,28494,14634
28335,14364,28546,14559
28144,14367,28374,14559
28104,14503,28306,14681
27708,14536,27898,14686
27743,14724,28116,14887
20115,16092,20188,16133
20262,15920,20368,15942
20119,15777,20207,15801
20092,16271,20181,16308
19618,15908,19721,15950
19860,15843,19960,15892
19858,16087,19952,16116
19618,16117,19722,16138
19853,16295,19947,16321
19685,15882,19792,15933
19785,15860,19881,15914
19783,15962,19883,16011
19992,15971,20071,16002
20192,16007,20284,16042
19520,15772,19576,15793
19682,15681,19779,15756
19551,15683,19664,15757
20216,16241,20307,16274
20218,16324,20307,16364
20193,15848,20278,15877
20700,15937,20801,15987
20576,16081,20673,16135
20926,16248,21026,16271
21133,15998,21225,16033
20942,15833,21061,15889
20892,15796,20997,15847
20877,15650,20986,15730
20510,15787,20594,15824
20635,15988,20735,16054
20783,16261,20925,16346
21040,16097,21137,16128
21030,16029,21145,16054
20992,16029,21100,16056
21013,16009,21121,16034
21018,16041,21127,16074
20908,15960,21021,15990
20890,15941,20989,15973
20907,15916,21020,15950
20937,15939,21049,15973
21211,16054,21305,16102
21996,15803,22114,15827
21631,15814,21754,15838
22043,15538,22169,15553
22151,15864,22261,15898
22205,15823,22345,15850
21836,15820,21957,15839
21785,15854,21889,15872
21668,15904,21797,15911
21543,15920,21646,15933
21602,15697,21707,15710
21667,16137,21807,16158
21667,16192,21808,16233
21912,16171,22039,16206
21912,16233,22053,16272
22145,16002,22258,16003
22801,15996,22919,16037
22733,16070,22849,16114
23198,15635,23327,15675
23101,15609,23220,15647
22747,15921,22867,15979
22657,16005,22794,16051
22585,15814,22685,15862
22831,15558,22957,15600
22907,15410,23032,15462
23103,15730,23221,15748
23288,16115,23473,16131
23195,16248,23359,16282
22634,16164,22710,16147
22671,16205,22753,16188
22718,16261,22794,16247
22615,15850,22705,15902
22747,15772,22867,15816
22829,15698,22956,15733
22866,15926,22992,15976
22987,15777,23147,15813
24239,15809,24389,15944
24168,15805,24297,15932
24323,16070,24469,16138
24290,16112,24434,16186
24368,16201,24511,16257
24413,16124,24558,16177
24278,16049,24429,16125
24245,16030,24379,16102
23734,16226,23869,16310
23692,16276,23836,16368
23734,16023,23881,16119
23775,16047,23922,16145
23833,15965,23985,16069
23795,15936,23937,16028
23911,15789,24053,15886
23945,15814,24091,15921
24022,15736,24188,15830
23981,15701,24146,15783
24205,15664,24366,15768
24295,15557,24460,15683
23703,15536,23872,15641
24059,15494,24221,15584
23577,16177,23688,16267
23995,15999,24147,16091
24712,15556,24863,15664
24732,15601,24889,15702
24852,15504,25015,15597
24935,15586,25099,15678
25201,15911,25360,16011
25167,16151,25340,16243
25229,15502,25352,15593
25209,15459,25327,15542
24908,15564,25082,15657
24620,15444,24783,15568
24756,15739,24899,15852
24691,15793,24847,15892
24824,15406,24987,15520
24748,15527,24899,15626
24722,15669,24871,15777
25121,15730,25264,15838
25114,15687,25244,15775
25136,16028,25294,16096
24983,16224,25125,16292
25025,16258,25190,16329
26142,15806,26284,15882
26259,15670,26404,15784
26310,15615,26487,15761
26361,15563,26535,15720
26373,15649,26545,15810
26305,15684,26479,15816
26396,15596,26576,15756
25654,16138,25802,16221
25806,16242,25956,16311
25663,16258,25813,16333
25982,16241,26149,16324
25903,16203,26051,16274
26007,16180,26170,16263
26157,15903,26326,16027
25827,15605,25984,15734
25733,15533,25887,15635
25994,15673,26169,15787
26091,15628,26268,15756
26145,15670,26305,15782
26062,15598,26235,15711
27378,15759,27546,15871
27407,15763,27593,15875
27381,15789,27556,15905
27408,15782,27589,15897
27271,16020,27446,16115
27397,15861,27572,15976
27440,15919,27620,16030
27371,15900,27551,16008
27183,15775,27362,15891
27339,15849,27517,15955
27323,15929,27491,16044
27187,16086,27370,16186
26723,16030,26904,16183
26855,16040,27021,16201
27206,15729,27379,15830
19998,16931,20087,16859
19946,17027,20035,16931
19911,17072,19996,16969
19895,16974,19978,16862
19807,16897,19899,16819
19748,16783,19824,16711
19709,16824,19774,16754
19844,16854,19928,16781
19903,16788,19977,16736
20235,16627,20314,16653
20258,16643,20336,16671
20328,16486,20427,16511
20280,16450,20381,16465
20119,16519,20200,16543
19926,16490,20017,16494
19827,16529,19897,16520
20244,16770,20331,16757
20189,16896,20252,16865
19798,16701,19877,16641
19720,16692,19780,16633
20335,17198,20443,17142
20747,16751,20831,16776
20735,16821,20818,16835
20648,16756,20749,16775
20679,16662,20775,16677
20770,16563,20853,16639
21170,16515,21250,16530
20909,16739,21006,16757
20822,17127,20912,17114
20909,16927,21003,16904
20872,16962,20966,16956
20703,16546,20795,16592
20563,16612,21073,16631
22839,16764,22963,16806
22673,17011,22774,17044
22560,17172,22656,17195
23215,16768,23342,16807
23151,16770,23269,16813
23351,16508,23447,16575
23378,16533,23492,16616
22999,17059,23123,17088
23130,16886,23257,16908
22998,16538,23123,16596
27990,17005,28157,17056
28212,16718,28389,16779
28335,16805,28524,16882
28245,16490,28389,16553
28438,16508,28594,16607
28195,16445,28374,16495
28022,16712,28193,16775
28145,16670,28321,16739
27917,17092,28098,17108
27857,17145,28025,17183
28226,17096,28390,17158
28170,17006,28342,17057
28380,16931,28524,17019
28127,16807,28307,16865
28068,16804,28238,16873
28083,16906,28237,16971
28153,16823,28331,16891
28243,16733,28416,16799
28181,16845,28356,16908
28270,16763,28449,16826
28204,16874,28388,16937
28295,16782,28487,16848
28231,16894,28414,16960
28151,16971,28328,17030
28045,17187,28229,17234
17631,2816,17899,2766
17631,2981,17892,2949
17547,2830,17816,2801
17617,2719,17862,2687
17614,2526,17857,2477
17673,2570,17928,2525
17455,2409,17729,2360
17495,2280,17762,2247
17547,2755,17797,2732
17628,2900,17890,2858
17774,2671,18021,2614
20794,2858,21096,2872
20810,2804,21119,2804
20836,2708,21151,2701
20866,2614,21180,2601
20887,2514,21212,2502
20916,2420,21240,2400
20941,2324,21276,2306
20972,2226,21304,2203
21004,2135,21331,2103
21110,2184,21430,2170
21089,2427,21383,2413
20943,2853,21247,2867
20990,2601,21318,2603
21047,2888,21372,2914
20789,2182,21142,2152
20757,2268,21109,2255
20735,2364,21084,2350
20712,2456,21058,2448
20679,2556,21028,2553
20651,2656,20997,2654
20625,2746,20965,2752
20598,2808,20906,2804
20569,2878,20883,2881
20493,2505,20812,2479
20518,2407,20850,2381
20549,2310,20883,2285
20570,2212,20913,2196
20605,2126,20944,2098
20516,2902,20827,2899
20742,2977,21033,2986
20792,2933,21103,2949
20871,2949,21177,2986
20972,2708,21303,2701
21021,2497,21353,2486
22613,2441,22917,2573
22627,2367,22940,2519
22727,2498,23034,2621
22849,2449,23127,2584
22702,2227,23008,2346
22853,2631,23179,2724
22716,2619,23024,2720
22576,2614,22901,2727
22873,2296,23160,2406
22928,2163,23212,2262
22762,2093,23073,2191
23048,2369,23321,2474
23090,2219,23387,2327
22617,2855,22957,2965
22728,2844,23087,2960
22870,2839,23228,2947
23010,2540,23284,2643
23116,2839,23461,2904
22534,2329,22825,2479
23151,2075,23443,2156
6266,2692,6350,2554
6185,2698,6236,2573
6435,2193,6514,2086
6385,2479,6483,2306
6565,2539,6656,2369
6528,2607,6629,2423
6427,2797,6521,2615
6456,2301,6547,2163
6334,2988,6425,2829
6327,2580,6435,2427
6594,2441,6690,2292
6748,2619,6867,2465
6792,2523,6911,2376
6718,2694,6848,2518
6633,2890,6778,2706
6979,2822,7105,2621
6879,3012,7031,2822
6481,2696,6577,2523
6395,2881,6467,2724
6524,3070,6683,2916
9366,2532,9471,2348
9642,2570,9780,2439
9764,2675,9876,2507
9563,2659,9694,2530
9670,2710,9803,2553
9551,2505,9670,2388
9231,2448,9331,2278
9759,2500,9881,2385
9530,2589,9644,2474
9542,2455,9658,2324
9548,2320,9687,2142
9263,2359,9341,2196
9217,2350,9285,2196
9483,2453,9584,2301
9359,2367,9478,2234
9401,2353,9527,2226
9535,2385,9670,2229
9880,2719,10025,2580
9836,2736,9977,2621
9832,2685,9976,2540
9888,2497,10021,2364
9874,2570,10007,2439
9839,2509,9958,2387
9273,2332,9347,2166
20743,3652,21058,3688
20698,3639,21002,3664
20539,3563,20841,3594
20805,3590,21109,3622
20761,3512,21058,3533
20691,3563,20978,3589
20895,3861,21220,3821
20953,3542,21264,3563
21004,3515,21317,3522
20946,3645,21252,3667
21065,3271,21376,3307
21012,3225,21343,3248
21089,3196,21400,3217
20969,3877,21292,3856
20815,3861,21124,3825
20703,3365,21021,3377
20546,3148,20845,3154
20659,3519,20932,3549
20817,3936,21110,3910
20768,3183,21096,3204
20841,3515,21182,3556
21023,3391,21348,3404
21584,3687,21872,3736
21696,3601,22002,3664
21608,3795,21904,3863
21981,3685,22304,3718
21996,3573,22316,3618
21549,3917,21832,3984
21526,3798,21818,3863
21676,3463,21968,3543
21551,3309,21848,3369
21640,3260,21951,3325
22166,3618,22480,3674
22117,3708,22440,3760
21921,3811,22234,3879
22054,3828,22363,3888
21856,3926,22161,3992
22002,3929,22311,3994
22009,3454,22325,3510
22022,3251,22348,3278
21565,3465,21872,3545
22010,3356,22332,3395
22026,3164,22344,3178
21622,3157,21932,3176
21516,3161,21820,3180
22143,3157,22477,3180
22155,3255,22491,3276
22166,3355,22505,3395
22737,3510,23055,3529
22776,3804,23102,3844
22702,3790,23024,3823
22835,3599,23165,3645
22835,3563,23169,3594
22973,3620,23286,3676
22992,3582,23289,3622
22989,3531,23309,3566
22910,3929,23228,3924
22952,3900,23281,3909
22802,3935,23139,3950
22779,3959,23108,3987
22748,3977,23069,4017
22896,3987,23209,4012
22910,3961,23223,3970
22884,3528,23199,3550
22887,3363,23212,3356
22943,3353,23272,3344
23043,3667,23356,3708
22578,3505,22914,3531
22541,3781,22856,3819
23190,3339,23501,3335
23185,3398,23504,3390
23192,3535,23524,3559
23178,3690,23511,3734
23158,3938,23478,3987
22875,4034,23188,4075
22996,3250,23302,3227
23165,3238,23496,3206
22718,3300,23027,3295
23600,3279,23960,3379
23726,3285,24076,3383
23731,3222,24077,3309
23847,3232,24189,3314
24065,3632,24404,3777
23927,3923,24292,4057
23768,3840,24118,3936
23812,3910,24156,4012
23891,3290,24233,3379
23966,3363,24296,3424
23613,3370,23962,3500
23674,3650,24039,3772
23642,3882,23983,3973
23641,3531,23997,3657
23602,3171,23938,3258
23735,3171,24076,3253
23597,3217,23938,3307
23850,3138,24191,3220
23653,3091,24022,3175
5539,3957,5625,3818
5577,3751,5635,3618
5390,3895,5418,3722
5310,3570,5364,3370
5200,3470,5254,3274
5181,3496,5237,3302
5149,3624,5182,3437
5144,3549,5179,3370
5198,3554,5244,3370
5195,3620,5249,3440
5242,4050,5317,3851
5258,3341,5327,3161
5836,3788,5937,3664
6016,3526,6065,3423
5965,3608,6026,3493
6026,3631,6096,3522
5130,3466,5181,3265
5140,3431,5195,3232
5174,4069,5233,3879
5223,4022,5294,3825
7386,3957,7489,3840
7424,3867,7534,3744
7507,3701,7650,3547
7755,3823,7870,3634
7685,3987,7765,3851
7655,4080,7725,3959
7625,3449,7730,3344
7872,3570,7964,3440
7961,3386,8060,3241
7707,3271,7826,3133
7181,3750,7274,3613
7264,3577,7377,3416
7223,3652,7321,3501
8069,3667,8169,3524
8017,3832,8122,3666
7313,3445,7431,3330
8015,3358,8118,3222
7842,3332,7954,3189
7760,3510,7852,3393
7634,3763,7765,3587
7554,3926,7652,3798
7505,4019,7606,3900
9848,3470,9972,3363
9862,3435,10002,3325
9600,3459,9740,3344
9614,3431,9755,3307
9490,3482,9602,3381
9514,3430,9638,3323
9584,3313,9729,3180
9568,3337,9700,3218
9796,3447,9907,3332
9813,3404,9930,3283
10769,4466,10893,4384
10869,4221,10994,4164
10811,4342,10951,4272
11110,4616,11227,4541
11075,4730,11192,4649
11096,4770,11211,4691
11008,4957,11104,4887
10937,4543,11084,4476
10952,4695,11080,4630
10902,4814,11005,4756
10844,4894,10938,4843
11047,4300,11183,4256
10996,4421,11139,4361
11042,4871,11138,4794
11089,4894,11181,4819
11124,4777,11239,4707
11047,4974,11134,4903
11807,4950,11928,4955
11805,5013,11933,5013
11868,4973,12001,4976
11882,5036,12025,5037
11835,5058,11976,5048
11786,5088,11914,5065
11931,4913,12053,4929
12001,4891,12130,4892
11942,4938,12062,4962
12011,4913,12146,4927
11753,4983,11870,4987
11543,5076,11655,5051
11606,4573,11720,4545
11533,4601,11657,4574
11522,4672,11650,4639
11664,4616,11817,4587
11470,4642,11592,4618
11683,4566,11821,4536
11630,4627,11755,4592
11559,4648,11690,4620
11503,4538,11620,4494
11421,4601,11550,4567
11456,4569,11587,4534
11650,4489,11772,4462
11575,4504,11690,4468
12078,4595,12211,4627
12080,4665,12209,4688
12153,4716,12275,4719
11735,4758,11859,4765
11716,4684,11845,4693
11538,4819,11653,4768
11636,4780,11753,4726
11907,4690,12059,4697
11386,4462,11503,4457
11316,4482,11424,4492
11388,4814,11461,4808
11405,4908,11499,4896
11433,4978,11543,4981
11374,5030,11496,5032
11421,5083,11561,5086
18692,4232,18944,4237
18744,4244,19003,4256
18709,4169,18957,4174
18760,4181,19026,4186
18779,4144,19045,4144
18716,4123,18956,4129
19050,4204,19309,4220
19090,4213,19363,4232
19106,4172,19379,4190
19057,4162,19323,4171
18928,4171,19178,4171
18937,4141,19190,4137
18954,4662,19162,4704
18713,4594,18956,4620
18966,4616,19192,4656
18734,4536,18984,4562
19162,4344,19419,4342
19123,4321,19379,4323
19090,4405,19349,4401
19137,4428,19398,4419
18611,4496,18851,4508
18589,4538,18821,4569
18839,4691,19041,4721
18867,4576,19096,4606
19155,4225,19426,4241
19129,4656,19382,4698
19602,4389,19866,4415
19515,4480,19784,4518
19506,4317,19754,4326
19545,4366,19795,4379
19712,4435,19988,4480
19660,4560,19926,4585
19550,4732,19833,4758
19520,4835,19796,4864
19576,4786,19856,4828
20057,4940,20324,4980
20071,5006,20340,5053
19711,4894,19987,4947
19733,4843,20025,4891
19903,4854,20181,4906
20041,4892,20312,4941
20081,4808,20359,4870
19882,4899,20161,4945
19774,4510,20051,4541
19756,4546,20030,4574
19824,4520,20097,4553
19800,4560,20071,4592
19642,4137,19917,4144
19735,4129,20013,4127
19658,4185,19954,4193
19779,4153,20065,4167
20004,4538,20231,4569
20125,4501,20376,4548
20217,4426,20448,4455
20011,4770,20287,4807
20123,4730,20422,4779
19940,4677,20228,4700
19469,4672,19730,4712
20072,4436,20326,4487
19840,4424,20134,4466
19917,4478,20182,4515
19980,4365,20266,4410
19936,4405,20223,4454
20843,4677,21117,4739
20944,4634,21231,4704
21037,4529,21327,4602
21093,4583,21379,4641
21158,4625,21442,4688
21152,4513,21439,4585
21100,4459,21385,4545
20843,4898,21151,4940
20661,4539,20948,4587
20618,4508,20897,4559
20586,4443,20876,4483
20654,4375,20960,4398
20586,4319,20883,4333
20752,4800,21058,4849
20839,4207,21119,4232
20738,4165,21028,4193
20964,4770,21254,4824
20635,4953,20948,4988
20752,5041,21070,5055
20523,4384,20808,4412
20752,4108,21049,4132
21783,4349,22096,4386
21974,4438,22297,4475
22012,4454,22328,4497
21876,4410,22180,4462
21902,4422,22215,4476
21780,4580,22084,4637
21692,4534,21995,4590
21643,4408,21940,4450
21638,4457,21930,4520
21596,4373,21895,4426
21694,4340,22005,4366
22140,4559,22435,4623
22182,4541,22491,4608
21829,4260,22141,4312
21689,4193,21995,4237
22064,4345,22367,4391
22029,4330,22325,4377
22194,4375,22486,4431
22204,4407,22503,4471
22052,4382,22353,4429
21965,4307,22258,4356
21937,4352,22239,4389
21825,4814,22127,4852
21870,4822,22173,4866
21911,4726,22213,4775
22050,4770,22355,4829
22026,4840,22327,4892
21877,4789,22182,4833
21972,4967,22265,5023
22002,4885,22304,4940
21848,4934,22145,4987
21617,4655,21933,4702
21663,4870,21953,4898
21530,4835,21848,4864
21890,4141,22208,4186
22145,4155,22456,4195
22110,4139,22410,4179
21967,4580,22265,4623
21858,4518,22168,4578
22201,4824,22498,4882
22157,4938,22458,5002
22182,4856,22487,4912
22169,4880,22470,4941
22157,4910,22459,4971
22127,5016,22428,5067
21523,4604,21825,4653
22650,4384,22957,4424
22804,4408,23104,4450
22797,4576,23092,4634
22690,4714,23006,4767
22620,4711,22919,4763
22631,4656,22935,4719
22685,4655,22992,4719
22562,4941,22880,5006
22562,4980,22873,5044
22790,4978,23097,5044
22711,4978,23024,5046
22664,4941,22978,5001
22576,4913,22875,4959
22788,4913,23088,4971
22777,4938,23090,5002
22541,4913,22826,4947
22562,4705,22872,4761
22592,4557,22903,4604
22638,4566,22950,4611
22657,4193,22971,4228
22700,4206,23015,4241
22541,4365,22865,4401
22615,4377,22928,4417
22828,4223,23132,4256
22788,4716,23087,4779
23162,4414,23461,4469
23192,4529,23510,4604
23153,4228,23455,4255
23148,4319,23448,4363
23702,4906,23995,4983
23670,4924,23960,5001
23677,4957,23971,5046
23714,4950,24013,5041
23878,4859,24189,4941
23903,4887,24217,4980
23616,4794,23903,4852
23644,4863,23932,4922
23648,4195,23959,4265
23567,4137,23899,4218
23700,4186,24051,4272
23625,4113,23969,4200
23690,4108,24032,4183
23854,4102,24182,4172
23990,4599,24305,4646
23854,4520,24161,4569
23966,4536,24285,4588
23932,4405,24252,4462
23648,4780,23936,4840
23684,4856,23967,4922
23595,4646,23887,4695
23763,4578,24086,4644
23793,4646,24116,4726
23908,4585,24217,4644
23761,4157,24098,4235
23789,4232,24128,4323
23877,4223,24217,4326
23574,4952,23868,5023
23588,4992,23896,5078
24076,4845,24375,4931
23971,4725,24270,4746
24034,4725,24329,4746
5425,4737,5478,4571
5474,4791,5520,4634
5396,4669,5427,4489
5417,4690,5452,4520
5701,4485,5747,4295
5579,4601,5633,4441
5605,4581,5654,4419
5652,4639,5724,4510
5604,5083,5647,4995
5654,5029,5689,4945
5703,5034,5763,4953
5736,5058,5798,4978
5752,5078,5817,4997
5775,5097,5839,5013
5518,4835,5567,4681
5588,4761,5658,4616
5638,4814,5696,4653
5698,4679,5750,4546
5738,4735,5789,4588
5663,4697,5714,4562
5922,4978,6021,5022
5892,5044,5998,5067
6025,5030,6112,5076
5997,5078,6086,5114
5652,5097,5726,5018
5684,5109,5759,5037
5745,4314,5768,4130
5798,4361,5815,4188
5644,4421,5673,4209
6523,4683,6603,4546
6566,4697,6640,4560
6467,4821,6528,4695
6498,4836,6565,4712
6306,4894,6374,4747
6276,4952,6334,4815
6337,4987,6406,4850
6376,4919,6442,4775
6640,4856,6769,4704
6717,4711,6839,4592
6566,4997,6683,4880
6530,5071,6638,4976
6163,4908,6213,4761
6549,4370,6636,4228
6523,4358,6598,4211
6241,4676,6316,4585
6678,5046,6809,4952
6755,4910,6909,4761
6460,4903,6528,4767
6633,5114,6764,5036
7458,4808,7520,4691
7442,4843,7503,4718
7545,4843,7620,4735
7527,4878,7603,4763
7379,5015,7379,4976
7410,4746,7470,4613
7440,4756,7515,4632
7458,4646,7545,4513
7484,4660,7578,4529
7548,4674,7638,4536
7578,4606,7653,4485
7639,4630,7713,4503
7604,4695,7686,4552
7522,4564,7587,4443
7541,4504,7622,4384
7482,4550,7555,4421
7438,4529,7515,4403
7508,4487,7585,4365
7508,4441,7575,4321
7638,4497,7713,4380
7674,4354,7749,4244
7555,4258,7622,4160
7776,4920,7840,4787
7814,4852,7901,4702
7866,4714,7945,4609
7912,4571,7989,4461
10767,5850,10869,5839
10800,5899,10911,5883
10676,5899,10764,5873
10746,5943,10832,5918
10765,6046,10821,6023
10701,6068,10762,6035
10421,6021,10507,6026
10505,6074,10589,6072
10444,5806,10544,5782
10311,5775,10360,5724
10468,5736,10565,5712
10496,5611,10605,5581
10510,5544,10620,5516
10362,5694,10395,5659
10552,5312,10641,5292
10505,5397,10563,5382
10399,5446,10472,5443
10421,5401,10491,5387
11108,5621,11218,5602
10989,5590,11091,5567
10867,5614,10993,5581
10743,5583,10867,5572
10502,5347,10559,5319
10627,5485,10720,5453
10648,5422,10753,5392
10676,5336,10776,5303
10748,5324,10856,5289
10538,5618,10654,5588
10509,5745,10610,5724
11648,5406,11786,5396
11674,5299,11802,5284
11580,5221,11683,5198
11637,5202,11744,5182
11611,5303,11751,5301
11604,5366,11748,5362
11379,5490,11550,5478
11330,5467,11484,5459
11468,5375,11582,5368
11517,5329,11625,5320
11524,5464,11671,5438
11377,5590,11508,5546
11805,5534,11903,5492
11800,5284,11926,5273
11672,5261,11807,5235
11735,5469,11852,5439
11810,5362,11931,5329
11942,5366,12090,5341
11926,5401,12080,5373
12141,5410,12263,5387
12134,5450,12256,5417
12017,5532,12142,5507
12053,5493,12181,5467
11943,5481,12041,5445
11985,5177,12104,5146
11461,5714,11566,5705
11485,5792,11592,5777
11625,5825,11734,5794
11566,5719,11674,5687
12092,5586,12235,5569
12011,5616,12149,5583
12085,5738,12230,5729
11529,5144,11580,5151
11459,6107,11554,6098
11534,6002,11660,5984
11655,6065,11779,6058
11718,6002,11851,5971
11779,5609,11863,5570
11580,5626,11690,5581
13091,5857,13238,5846
13041,5773,13172,5717
12698,5911,12831,5894
12859,5887,12999,5869
12523,5820,12661,5831
12806,5771,12952,5785
12520,5745,12651,5761
12789,5712,12936,5714
12758,5595,12924,5625
12890,5929,13041,5913
12992,5901,13145,5876
13111,5654,13263,5584
13086,5343,13224,5329
12938,5399,13083,5376
12546,5593,12644,5612
12953,5265,13081,5233
12939,5235,13067,5188
12497,5642,12620,5668
12536,5467,12614,5523
12412,5354,12422,5397
12419,5425,12473,5474
12586,5350,12627,5361
17837,6058,18040,6091
17857,5577,18077,5572
17783,5630,17995,5633
17734,5520,17944,5530
17797,5481,18030,5476
17638,5376,17855,5383
17698,5338,17956,5343
17996,6011,18225,6040
17650,6082,17881,6105
17935,5810,18136,5834
17509,5174,17722,5188
17558,5443,17750,5446
17783,5862,17975,5887
17715,5715,17925,5743
17615,5930,17844,5922
17528,5717,17781,5722
17467,5647,17731,5635
17430,5733,17694,5708
18692,5853,18942,5890
18713,5827,18952,5859
18692,6081,18954,6056
18746,6107,19012,6095
18660,6140,18898,6123
18627,5983,18856,5995
18517,5965,18751,5976
18739,5876,18982,5897
18764,5841,18994,5869
19111,5860,19363,5902
19230,5923,19438,6007
21075,5988,21400,6088
21060,6021,21392,6124
20757,5878,21077,5988
20740,5911,21065,6021
20625,5834,20899,5916
20614,5860,20881,5944
20922,5932,21236,6039
20911,5962,21222,6074
20693,5853,20992,5951
20686,5883,20983,5983
20850,5913,21159,6009
20839,5941,21154,6044
20995,5962,21311,6070
20990,5991,21306,6105
20661,5845,20957,5939
20652,5878,20944,5967
20722,5869,21033,5974
20712,5895,21028,6004
20810,5897,21128,5998
20801,5922,21119,6033
20964,5950,21275,6054
20955,5979,21266,6093
22066,5614,22334,5687
22119,5663,22417,5757
22129,5569,22437,5630
22154,5609,22465,5679
22136,5638,22435,5714
22084,5803,22361,5874
22159,5763,22444,5825
22182,5801,22468,5876
22145,5792,22431,5860
22019,5604,22304,5687
21932,5605,22202,5682
22022,5642,22307,5719
21932,5640,22195,5719
22021,5673,22306,5756
21933,5679,22202,5754
21879,5633,22162,5712
21773,5621,22047,5705
21883,5518,22173,5597
21877,5576,22166,5661
21774,5569,22043,5649
21830,5546,22098,5621
22049,5943,22332,6032
21951,5962,22222,6051
22061,5974,22339,6067
21947,5993,22225,6086
22070,6004,22332,6093
21949,6035,22225,6124
22751,5804,23003,5860
22721,5871,22977,5967
22680,5862,22933,5943
22707,5735,22970,5806
22844,5317,23111,5394
22854,5289,23118,5352
22809,5279,23076,5345
22802,5319,23073,5387
23085,5324,23380,5396
23113,5326,23408,5399
23085,5352,23384,5434
23118,5361,23413,5443
22964,5350,23251,5431
22968,5303,23256,5380
23034,5347,23326,5431
23034,5317,23326,5390
22915,5324,23188,5408
22922,5294,23190,5371
22798,5539,23059,5626
22760,5530,23022,5616
22819,5438,23083,5520
22783,5429,23040,5509
22774,5665,23029,5743
22741,5630,22999,5703
5721,5745,5771,5618
5773,5738,5806,5619
5726,5784,5777,5658
5322,6077,5350,5972
5397,6014,5431,5918
5479,6117,5481,6014
5740,6056,5785,5939
5958,5950,6051,5883
5848,5883,5918,5777
5880,5832,5943,5729
5815,5411,5855,5249
5880,5465,5911,5301
5841,5544,5887,5401
5839,5572,5888,5432
5876,5544,5916,5410
5784,5839,5850,5714
5825,5791,5874,5673
5853,5357,5901,5207
5923,5425,5964,5259
5955,5652,5991,5507
5976,5623,6014,5476
6028,5694,6068,5539
6778,5574,6830,5453
6839,5411,6900,5280
6872,5431,6940,5313
6895,5614,6932,5509
6939,5640,6998,5541
6991,5665,7049,5569
7077,5539,7155,5422
6944,5474,7008,5345
6972,5486,7042,5368
6995,5499,7064,5380
7024,5514,7092,5396
7047,5530,7124,5408
6666,5911,6713,5813
6612,5873,6659,5773
6563,5836,6614,5731
6495,5792,6561,5691
6437,5768,6500,5651
6392,5712,6456,5611
6341,5675,6381,5565
6820,5857,6870,5754
6752,5810,6825,5717
6642,5736,6731,5642
6577,5700,6654,5591
6521,5656,6593,5549
6696,5771,6783,5691
6469,5618,6524,5500
6177,5294,6234,5172
6996,6000,7052,5915
7007,6142,7059,6058
6876,5930,6930,5841
6898,6074,6946,5991
6661,6131,6717,6074
6708,6088,6781,6004
6168,5827,6201,5703
6332,5962,6406,5873
6502,6091,6565,5990
6367,5923,6437,5846
6524,6058,6593,5958
7456,5995,7508,5925
7169,5738,7215,5644
7379,5733,7423,5633
7615,5472,7674,5373
7783,5618,7856,5542
7713,5672,7776,5577
7547,5890,7617,5811
7358,6014,7398,5929
7288,5950,7335,5864
7332,5901,7375,5820
7407,5967,7442,5894
7260,5916,7311,5829
7307,5867,7347,5791
7877,5366,7961,5324
7935,5348,8057,5303
7608,5265,7664,5177
7274,5735,7327,5651
7606,5359,7671,5282
7594,5808,7681,5712
7545,5859,7613,5771
7498,5597,7543,5523
7388,5500,7428,5425
7236,5312,7307,5205
7222,5890,7271,5799
7269,5848,7311,5756
7190,5866,7241,5771
7227,5822,7286,5731
7206,5796,7253,5707
7805,5537,7873,5462
7887,5516,7952,5448
19852,6683,20099,6769
19828,6696,20067,6776
19800,6619,20037,6694
19857,6580,20107,6664
19826,6561,20076,6642
19796,6556,20034,6635
19775,6301,20006,6385
19800,6388,20029,6455
19856,6813,20085,6879
19842,6881,20090,6954
19835,6942,20065,7005
19978,6708,20191,6774
20041,6701,20284,6778
19980,6734,20195,6808
20048,6738,20280,6806
19980,6666,20207,6724
20046,6668,20280,6736
19499,6649,19754,6718
19501,6708,19777,6780
19480,6732,19740,6815
19999,6537,20214,6605
20050,6537,20286,6603
20646,6853,20873,6940
20635,6891,20852,6988
20745,6890,21019,6975
20735,6930,20995,7021
21012,6954,21269,7049
21037,6921,21292,7022
21049,6890,21299,6986
21168,6958,21434,7070
21175,6926,21449,7043
21086,6147,21344,6234
21151,6175,21414,6262
20911,6503,21166,6593
20831,6456,21047,6556
21112,6912,21378,7021
20878,6926,21131,7010
20801,6711,21067,6781
20724,6683,20946,6760
21002,6320,21259,6416
20860,6601,21126,6689
20777,6572,20995,6662
21042,6227,21313,6315
20960,6406,21222,6498
20770,6808,21047,6865
22742,6741,23034,6842
22767,6753,23067,6863
22727,6767,23013,6888
22748,6790,23048,6905
22912,6863,23143,6953
22945,6846,23179,6923
22900,6813,23134,6884
22884,6834,23120,6925
23120,6977,23401,7105
23139,6956,23422,7087
23141,6995,23419,7140
23162,6979,23448,7122
23034,6846,23247,6965
23057,6830,23289,6933
22657,6835,22914,6982
22685,6856,22950,7003
22714,6822,23006,6956
22694,6799,22973,6932
22615,6687,22889,6778
22601,6717,22873,6813
16570,7255,16759,7276
16522,7250,16677,7276
16457,7250,16612,7271
16696,7419,16852,7461
16780,7440,16937,7468
16843,7181,17009,7211
16854,7486,17011,7522
16960,7293,17124,7334
17000,7293,17179,7340
16625,7185,16801,7215
16570,7180,16729,7215
16597,7195,16771,7225
16539,7229,16714,7257
16399,7237,16544,7264
16544,7935,16689,7994
16614,7954,16768,7998
16792,7947,16943,8012
16777,7980,16929,8045
16923,8050,16969,7250
21725,7368,21972,7482
21788,7400,22052,7517
21846,7919,22087,8048
21907,7931,22150,8053
21844,7957,22089,8080
21914,7966,22155,8085
22094,7931,22327,8025
22119,7928,22358,8024
22092,7966,22321,8062
22124,7966,22368,8062
21531,7821,21780,7936
21706,7839,21940,7961
21530,7788,21778,7900
21701,7804,21954,7921
21537,7751,21781,7856
21704,7774,21965,7893
21549,7721,21797,7825
21570,7671,21808,7790
21715,7713,21967,7826
21584,7631,21825,7737
21715,7662,21972,7783
21605,7594,21851,7700
21724,7624,21998,7748
6269,7519,6282,7484
6339,7382,6364,7351
6180,7290,6175,7264
6257,7335,6269,7307
6306,7456,6325,7416
6385,7288,6407,7241
6537,7265,6565,7244
6589,7290,6614,7267
6647,7320,6669,7288
6537,7520,6594,7445
6486,7489,6528,7421
6449,7491,6455,7447
6524,7550,6530,7517
6598,7611,6600,7580
6280,7985,6283,7949
6198,7919,6217,7900
6449,7793,6467,7746
6360,7886,6381,7839
6524,7695,6538,7666
6177,7475,6189,7424
24631,8662,24897,8856
24610,8681,24873,8870
24595,8705,24857,8890
24588,8730,24845,8917
24735,8744,25004,8936
24712,8765,24972,8952
24677,8772,24948,8966
24652,8786,24920,8973
24923,8752,25205,8959
24836,8765,25112,8973
24769,8787,25033,8981
24775,8826,25054,9016
24696,8857,24969,9036
24752,8843,25025,9025
24776,8887,25049,9074
24804,8672,25082,8870
24773,8669,25047,8870
24852,8807,25124,8999
24902,8726,25192,8931
24731,8705,24993,8896
20618,9548,20831,9654
20616,9607,20819,9722
20658,9579,20860,9694
20675,9558,20895,9670
20950,9284,21171,9395
20976,9266,21189,9371
21236,9409,21483,9542
20787,9425,21018,9532
20869,9348,21081,9476
20729,9490,20948,9595
20908,9315,21123,9443
20834,9387,21053,9506
20757,9455,20990,9565
20698,9520,20922,9630
20555,9609,20761,9649
20555,9542,21329,9479
21018,9319,21252,9432
21178,9376,21423,9520
21042,9296,21280,9402
21697,9390,21919,9497
22050,9409,22257,9525
22176,9423,22402,9574
21863,9392,22087,9511
21961,9397,22175,9523
21767,9392,22000,9504
21830,9394,22054,9506
21919,9392,22138,9514
22012,9408,22225,9530
21736,9390,21963,9502
5673,9785,5661,9719
5680,9731,5666,9673
5752,9733,5735,9684
5752,9815,5729,9771
5887,9736,5871,9700
5888,9672,5862,9614
5682,9666,5673,9603
5895,9612,5869,9558
6054,9663,6037,9617
6047,9733,6033,9679
6056,9609,6044,9561
5717,9490,5700,9430
5696,9334,5666,9273
5808,9355,5798,9303
5750,9343,5735,9287
5443,9775,5404,9734
5438,9687,5418,9626
5446,9631,5432,9548
5249,9673,5216,9602
5252,9741,5205,9680
5249,9834,5203,9782
5315,9846,5282,9780
5313,9750,5277,9682
6589,9689,6580,9631
6439,9663,6411,9596
6465,9525,6437,9478
6612,9553,6607,9514
6456,9495,6442,9448
6628,9530,6614,9481
6619,9579,6615,9549
6822,9612,6811,9582
6832,9570,6818,9534
6842,9514,6830,9486
6643,9479,6622,9443
6247,9462,6222,9409
6241,9507,6219,9458
6259,9404,6227,9350
6465,9434,6456,9404
6933,10047,6926,9998
6981,9988,6974,9946
6905,10098,6872,10047
6989,9935,6974,9890
6729,9551,6711,9513
6722,9600,6710,9570
6741,9500,6727,9465
6353,9472,6334,9427
6341,9521,6334,9479
6364,9430,6341,9375
6610,9626,6594,9579
6523,9679,6498,9605
6451,9593,6430,9528
6551,9542,6533,9492
6213,9675,6192,9593
